<?xml version="1.0" encoding="UTF-8"?>

<BugCollection version="3.0.1-dev-20160210-UNKNOWN" sequence="0" timestamp="1489874341000" analysisTimestamp="1489874538129" release="">
  <Project projectName="example">
    <Jar>/home/becky/Downloads/Week2-3816.zip</Jar>
  </Project>
  <BugInstance type="SE_NO_SERIALVERSIONID" priority="3" rank="19" abbrev="SnVI" category="BAD_PRACTICE">
    <Class classname="edu.umsl.GradStudent">
      <SourceLine classname="edu.umsl.GradStudent" start="12" end="52" sourcefile="GradStudent.java" sourcepath="edu/umsl/GradStudent.java"/>
    </Class>
  </BugInstance>
  <BugInstance type="DM_STRING_CTOR" priority="2" rank="18" abbrev="Dm" category="PERFORMANCE">
    <Class classname="edu.umsl.Student">
      <SourceLine classname="edu.umsl.Student" sourcefile="Student.java" sourcepath="edu/umsl/Student.java"/>
    </Class>
    <Method classname="edu.umsl.Student" name="setID" signature="(Ljava/lang/String;)V" isStatic="false">
      <SourceLine classname="edu.umsl.Student" start="50" end="51" startBytecode="0" endBytecode="68" sourcefile="Student.java" sourcepath="edu/umsl/Student.java"/>
    </Method>
    <SourceLine classname="edu.umsl.Student" start="50" end="50" startBytecode="6" endBytecode="6" sourcefile="Student.java" sourcepath="edu/umsl/Student.java"/>
  </BugInstance>
  <BugInstance type="MS_PKGPROTECT" priority="2" rank="18" abbrev="MS" category="MALICIOUS_CODE">
    <Class classname="edu.umsl.Student">
      <SourceLine classname="edu.umsl.Student" sourcefile="Student.java" sourcepath="edu/umsl/Student.java"/>
    </Class>
    <Field classname="edu.umsl.Student" name="counter" signature="I" isStatic="true">
      <SourceLine classname="edu.umsl.Student" sourcefile="Student.java" sourcepath="edu/umsl/Student.java"/>
    </Field>
  </BugInstance>
  <BugInstance type="NM_FIELD_NAMING_CONVENTION" priority="3" rank="19" abbrev="Nm" category="BAD_PRACTICE">
    <Class classname="edu.umsl.Student">
      <SourceLine classname="edu.umsl.Student" sourcefile="Student.java" sourcepath="edu/umsl/Student.java"/>
    </Class>
    <Field classname="edu.umsl.Student" name="Exam1" signature="F" isStatic="false">
      <SourceLine classname="edu.umsl.Student" sourcefile="Student.java" sourcepath="edu/umsl/Student.java"/>
    </Field>
  </BugInstance>
  <BugInstance type="NM_FIELD_NAMING_CONVENTION" priority="3" rank="19" abbrev="Nm" category="BAD_PRACTICE">
    <Class classname="edu.umsl.Student">
      <SourceLine classname="edu.umsl.Student" sourcefile="Student.java" sourcepath="edu/umsl/Student.java"/>
    </Class>
    <Field classname="edu.umsl.Student" name="Exam2" signature="F" isStatic="false">
      <SourceLine classname="edu.umsl.Student" sourcefile="Student.java" sourcepath="edu/umsl/Student.java"/>
    </Field>
  </BugInstance>
  <BugInstance type="SE_NO_SERIALVERSIONID" priority="3" rank="19" abbrev="SnVI" category="BAD_PRACTICE">
    <Class classname="edu.umsl.Student">
      <SourceLine classname="edu.umsl.Student" start="27" end="130" sourcefile="Student.java" sourcepath="edu/umsl/Student.java"/>
    </Class>
  </BugInstance>
  <BugInstance type="ST_WRITE_TO_STATIC_FROM_INSTANCE_METHOD" priority="2" rank="17" abbrev="ST" category="STYLE">
    <Class classname="edu.umsl.Student">
      <SourceLine classname="edu.umsl.Student" sourcefile="Student.java" sourcepath="edu/umsl/Student.java"/>
    </Class>
    <Method classname="edu.umsl.Student" name="&lt;init&gt;" signature="()V" isStatic="false">
      <SourceLine classname="edu.umsl.Student" start="27" end="34" startBytecode="0" endBytecode="92" sourcefile="Student.java" sourcepath="edu/umsl/Student.java"/>
    </Method>
    <Field classname="edu.umsl.Student" name="counter" signature="I" isStatic="true">
      <SourceLine classname="edu.umsl.Student" sourcefile="Student.java" sourcepath="edu/umsl/Student.java"/>
    </Field>
    <SourceLine classname="edu.umsl.Student" start="33" end="33" startBytecode="27" endBytecode="27" sourcefile="Student.java" sourcepath="edu/umsl/Student.java"/>
  </BugInstance>
  <BugInstance type="ST_WRITE_TO_STATIC_FROM_INSTANCE_METHOD" priority="2" rank="17" abbrev="ST" category="STYLE">
    <Class classname="edu.umsl.Student">
      <SourceLine classname="edu.umsl.Student" sourcefile="Student.java" sourcepath="edu/umsl/Student.java"/>
    </Class>
    <Method classname="edu.umsl.Student" name="&lt;init&gt;" signature="(Ljava/lang/String;FF)V" isStatic="false">
      <SourceLine classname="edu.umsl.Student" start="37" end="42" startBytecode="0" endBytecode="119" sourcefile="Student.java" sourcepath="edu/umsl/Student.java"/>
    </Method>
    <Field classname="edu.umsl.Student" name="counter" signature="I" isStatic="true">
      <SourceLine classname="edu.umsl.Student" sourcefile="Student.java" sourcepath="edu/umsl/Student.java"/>
    </Field>
    <SourceLine classname="edu.umsl.Student" start="41" end="41" startBytecode="24" endBytecode="24" sourcefile="Student.java" sourcepath="edu/umsl/Student.java"/>
  </BugInstance>
  <BugInstance type="DM_DEFAULT_ENCODING" priority="1" rank="19" abbrev="Dm" category="I18N">
    <Class classname="edu.umsl.StudentArray">
      <SourceLine classname="edu.umsl.StudentArray" sourcefile="StudentArray.java" sourcepath="edu/umsl/StudentArray.java"/>
    </Class>
    <Method classname="edu.umsl.StudentArray" name="lookupStudents" signature="()V" isStatic="false">
      <SourceLine classname="edu.umsl.StudentArray" start="103" end="140" startBytecode="0" endBytecode="366" sourcefile="StudentArray.java" sourcepath="edu/umsl/StudentArray.java"/>
    </Method>
    <Method classname="java.util.Scanner" name="&lt;init&gt;" signature="(Ljava/io/InputStream;)V" isStatic="false" role="METHOD_CALLED">
      <SourceLine classname="java.util.Scanner" start="563" end="564" startBytecode="0" endBytecode="43" sourcefile="Scanner.java" sourcepath="java/util/Scanner.java"/>
    </Method>
    <SourceLine classname="edu.umsl.StudentArray" start="103" end="103" startBytecode="7" endBytecode="7" sourcefile="StudentArray.java" sourcepath="edu/umsl/StudentArray.java"/>
  </BugInstance>
  <BugInstance type="DM_DEFAULT_ENCODING" priority="1" rank="19" abbrev="Dm" category="I18N">
    <Class classname="edu.umsl.StudentArray">
      <SourceLine classname="edu.umsl.StudentArray" sourcefile="StudentArray.java" sourcepath="edu/umsl/StudentArray.java"/>
    </Class>
    <Method classname="edu.umsl.StudentArray" name="populateStudents" signature="()V" isStatic="false">
      <SourceLine classname="edu.umsl.StudentArray" start="67" end="99" startBytecode="0" endBytecode="325" sourcefile="StudentArray.java" sourcepath="edu/umsl/StudentArray.java"/>
    </Method>
    <Method classname="java.util.Scanner" name="&lt;init&gt;" signature="(Ljava/io/InputStream;)V" isStatic="false" role="METHOD_CALLED">
      <SourceLine classname="java.util.Scanner" start="563" end="564" startBytecode="0" endBytecode="43" sourcefile="Scanner.java" sourcepath="java/util/Scanner.java"/>
    </Method>
    <SourceLine classname="edu.umsl.StudentArray" start="67" end="67" startBytecode="7" endBytecode="7" sourcefile="StudentArray.java" sourcepath="edu/umsl/StudentArray.java"/>
  </BugInstance>
  <BugInstance type="DM_DEFAULT_ENCODING" priority="1" rank="19" abbrev="Dm" category="I18N">
    <Class classname="edu.umsl.StudentArray">
      <SourceLine classname="edu.umsl.StudentArray" sourcefile="StudentArray.java" sourcepath="edu/umsl/StudentArray.java"/>
    </Class>
    <Method classname="edu.umsl.StudentArray" name="topMenu" signature="()V" isStatic="false">
      <SourceLine classname="edu.umsl.StudentArray" start="38" end="61" startBytecode="0" endBytecode="219" sourcefile="StudentArray.java" sourcepath="edu/umsl/StudentArray.java"/>
    </Method>
    <Method classname="java.util.Scanner" name="&lt;init&gt;" signature="(Ljava/io/InputStream;)V" isStatic="false" role="METHOD_CALLED">
      <SourceLine classname="java.util.Scanner" start="563" end="564" startBytecode="0" endBytecode="43" sourcefile="Scanner.java" sourcepath="java/util/Scanner.java"/>
    </Method>
    <SourceLine classname="edu.umsl.StudentArray" start="38" end="38" startBytecode="7" endBytecode="7" sourcefile="StudentArray.java" sourcepath="edu/umsl/StudentArray.java"/>
  </BugInstance>
  <BugInstance type="OS_OPEN_STREAM" priority="2" rank="16" abbrev="OS" category="BAD_PRACTICE">
    <Class classname="edu.umsl.StudentArray">
      <SourceLine classname="edu.umsl.StudentArray" sourcefile="StudentArray.java" sourcepath="edu/umsl/StudentArray.java"/>
    </Class>
    <Method classname="edu.umsl.StudentArray" name="loadStudentData" signature="()V" isStatic="false">
      <SourceLine classname="edu.umsl.StudentArray" start="164" end="183" startBytecode="0" endBytecode="46" sourcefile="StudentArray.java" sourcepath="edu/umsl/StudentArray.java"/>
    </Method>
    <Type descriptor="Ljava/io/InputStream;" role="TYPE_CLOSEIT">
      <SourceLine classname="java.io.InputStream" start="45" end="364" sourcefile="InputStream.java" sourcepath="java/io/InputStream.java"/>
    </Type>
    <SourceLine classname="edu.umsl.StudentArray" start="165" end="165" startBytecode="10" endBytecode="10" sourcefile="StudentArray.java" sourcepath="edu/umsl/StudentArray.java"/>
  </BugInstance>
  <BugInstance type="OS_OPEN_STREAM" priority="2" rank="16" abbrev="OS" category="BAD_PRACTICE">
    <Class classname="edu.umsl.StudentArray">
      <SourceLine classname="edu.umsl.StudentArray" sourcefile="StudentArray.java" sourcepath="edu/umsl/StudentArray.java"/>
    </Class>
    <Method classname="edu.umsl.StudentArray" name="writeStudentData" signature="()V" isStatic="false">
      <SourceLine classname="edu.umsl.StudentArray" start="146" end="158" startBytecode="0" endBytecode="23" sourcefile="StudentArray.java" sourcepath="edu/umsl/StudentArray.java"/>
    </Method>
    <Type descriptor="Ljava/io/OutputStream;" role="TYPE_CLOSEIT">
      <SourceLine classname="java.io.OutputStream" start="46" end="152" sourcefile="OutputStream.java" sourcepath="java/io/OutputStream.java"/>
    </Type>
    <SourceLine classname="edu.umsl.StudentArray" start="147" end="147" startBytecode="10" endBytecode="10" sourcefile="StudentArray.java" sourcepath="edu/umsl/StudentArray.java"/>
  </BugInstance>
  <BugInstance type="DLS_DEAD_LOCAL_STORE" priority="2" rank="17" abbrev="DLS" category="STYLE">
    <Class classname="edu.umsl.StudentArray2">
      <SourceLine classname="edu.umsl.StudentArray2" sourcefile="StudentArray2.java" sourcepath="edu/umsl/StudentArray2.java"/>
    </Class>
    <Method classname="edu.umsl.StudentArray2" name="initStu" signature="()V" isStatic="false">
      <SourceLine classname="edu.umsl.StudentArray2" start="31" end="80" startBytecode="0" endBytecode="107" sourcefile="StudentArray2.java" sourcepath="edu/umsl/StudentArray2.java"/>
    </Method>
    <LocalVariable name="ex2" register="3" pc="184" role="LOCAL_VARIABLE_NAMED"/>
    <SourceLine classname="edu.umsl.StudentArray2" start="64" end="64" startBytecode="183" endBytecode="183" sourcefile="StudentArray2.java" sourcepath="edu/umsl/StudentArray2.java"/>
    <Property name="edu.umd.cs.findbugs.detect.DeadLocalStoreProperty.BASE_VALUE" value="true"/>
    <Property name="edu.umd.cs.findbugs.detect.DeadLocalStoreProperty.LOCAL_NAME" value="ex2"/>
    <Property name="edu.umd.cs.findbugs.detect.DeadLocalStoreProperty.METHOD_RESULT" value="true"/>
    <Property name="edu.umd.cs.findbugs.detect.DeadLocalStoreProperty.NO_LOADS" value="true"/>
  </BugInstance>
  <BugInstance type="DLS_DEAD_LOCAL_STORE" priority="2" rank="17" abbrev="DLS" category="STYLE">
    <Class classname="edu.umsl.StudentArray2">
      <SourceLine classname="edu.umsl.StudentArray2" sourcefile="StudentArray2.java" sourcepath="edu/umsl/StudentArray2.java"/>
    </Class>
    <Method classname="edu.umsl.StudentArray2" name="initStu" signature="()V" isStatic="false">
      <SourceLine classname="edu.umsl.StudentArray2" start="31" end="80" startBytecode="0" endBytecode="107" sourcefile="StudentArray2.java" sourcepath="edu/umsl/StudentArray2.java"/>
    </Method>
    <LocalVariable name="gs" register="9" pc="211" role="LOCAL_VARIABLE_NAMED"/>
    <SourceLine classname="edu.umsl.StudentArray2" start="73" end="73" startBytecode="209" endBytecode="209" sourcefile="StudentArray2.java" sourcepath="edu/umsl/StudentArray2.java"/>
    <Property name="edu.umd.cs.findbugs.detect.DeadLocalStoreProperty.LOCAL_NAME" value="gs"/>
    <Property name="edu.umd.cs.findbugs.detect.DeadLocalStoreProperty.TWO_STORES_MULTIPLE_LOADS" value="true"/>
  </BugInstance>
  <BugInstance type="DLS_DEAD_LOCAL_STORE" priority="2" rank="17" abbrev="DLS" category="STYLE">
    <Class classname="edu.umsl.StudentArray2">
      <SourceLine classname="edu.umsl.StudentArray2" sourcefile="StudentArray2.java" sourcepath="edu/umsl/StudentArray2.java"/>
    </Class>
    <Method classname="edu.umsl.StudentArray2" name="initStu" signature="()V" isStatic="false">
      <SourceLine classname="edu.umsl.StudentArray2" start="31" end="80" startBytecode="0" endBytecode="107" sourcefile="StudentArray2.java" sourcepath="edu/umsl/StudentArray2.java"/>
    </Method>
    <LocalVariable name="id" register="1" pc="156" role="LOCAL_VARIABLE_NAMED"/>
    <SourceLine classname="edu.umsl.StudentArray2" start="60" end="60" startBytecode="155" endBytecode="155" sourcefile="StudentArray2.java" sourcepath="edu/umsl/StudentArray2.java"/>
    <Property name="edu.umd.cs.findbugs.detect.DeadLocalStoreProperty.BASE_VALUE" value="true"/>
    <Property name="edu.umd.cs.findbugs.detect.DeadLocalStoreProperty.LOCAL_NAME" value="id"/>
    <Property name="edu.umd.cs.findbugs.detect.DeadLocalStoreProperty.METHOD_RESULT" value="true"/>
    <Property name="edu.umd.cs.findbugs.detect.DeadLocalStoreProperty.NO_LOADS" value="true"/>
  </BugInstance>
  <BugInstance type="DM_DEFAULT_ENCODING" priority="1" rank="19" abbrev="Dm" category="I18N">
    <Class classname="edu.umsl.StudentArray2">
      <SourceLine classname="edu.umsl.StudentArray2" sourcefile="StudentArray2.java" sourcepath="edu/umsl/StudentArray2.java"/>
    </Class>
    <Method classname="edu.umsl.StudentArray2" name="initStu" signature="()V" isStatic="false">
      <SourceLine classname="edu.umsl.StudentArray2" start="31" end="80" startBytecode="0" endBytecode="582" sourcefile="StudentArray2.java" sourcepath="edu/umsl/StudentArray2.java"/>
    </Method>
    <Method classname="java.util.Scanner" name="&lt;init&gt;" signature="(Ljava/io/InputStream;)V" isStatic="false" role="METHOD_CALLED">
      <SourceLine classname="java.util.Scanner" start="563" end="564" startBytecode="0" endBytecode="43" sourcefile="Scanner.java" sourcepath="java/util/Scanner.java"/>
    </Method>
    <SourceLine classname="edu.umsl.StudentArray2" start="31" end="31" startBytecode="7" endBytecode="7" sourcefile="StudentArray2.java" sourcepath="edu/umsl/StudentArray2.java"/>
  </BugInstance>
  <BugInstance type="UCF_USELESS_CONTROL_FLOW" priority="3" rank="20" abbrev="UCF" category="STYLE">
    <Class classname="edu.umsl.StudentArray2">
      <SourceLine classname="edu.umsl.StudentArray2" sourcefile="StudentArray2.java" sourcepath="edu/umsl/StudentArray2.java"/>
    </Class>
    <Method classname="edu.umsl.StudentArray2" name="initStu" signature="()V" isStatic="false">
      <SourceLine classname="edu.umsl.StudentArray2" start="31" end="80" startBytecode="0" endBytecode="582" sourcefile="StudentArray2.java" sourcepath="edu/umsl/StudentArray2.java"/>
    </Method>
    <SourceLine classname="edu.umsl.StudentArray2" start="53" end="53" startBytecode="133" endBytecode="133" sourcefile="StudentArray2.java" sourcepath="edu/umsl/StudentArray2.java"/>
  </BugInstance>
  <BugInstance type="UC_USELESS_OBJECT" priority="2" rank="17" abbrev="UC" category="STYLE">
    <Class classname="edu.umsl.StudentArray2">
      <SourceLine classname="edu.umsl.StudentArray2" sourcefile="StudentArray2.java" sourcepath="edu/umsl/StudentArray2.java"/>
    </Class>
    <Method classname="edu.umsl.StudentArray2" name="initStu" signature="()V" isStatic="false">
      <SourceLine classname="edu.umsl.StudentArray2" start="31" end="80" startBytecode="0" endBytecode="582" sourcefile="StudentArray2.java" sourcepath="edu/umsl/StudentArray2.java"/>
    </Method>
    <String value="hm"/>
    <Type descriptor="Ljava/util/HashMap;">
      <SourceLine classname="java.util.HashMap" start="338" end="1789" sourcefile="HashMap.java" sourcepath="java/util/HashMap.java"/>
    </Type>
    <SourceLine classname="edu.umsl.StudentArray2" start="34" end="34" startBytecode="31" endBytecode="31" sourcefile="StudentArray2.java" sourcepath="edu/umsl/StudentArray2.java"/>
  </BugInstance>
  <BugInstance type="SE_NO_SERIALVERSIONID" priority="3" rank="19" abbrev="SnVI" category="BAD_PRACTICE">
    <Class classname="edu.umsl.Undergrad">
      <SourceLine classname="edu.umsl.Undergrad" start="13" end="61" sourcefile="Undergrad.java" sourcepath="edu/umsl/Undergrad.java"/>
    </Class>
  </BugInstance>
  <Errors errors="0" missingClasses="0"></Errors>
  <FindBugsSummary timestamp="Sat, 18 Mar 2017 16:59:01 -0500" total_classes="5" referenced_classes="28" total_bugs="20" total_size="212" num_packages="1" java_version="1.8.0_121" vm_version="25.121-b13" cpu_seconds="11.40" clock_seconds="308.56" peak_mbytes="131.14" alloc_mbytes="742.44" gc_seconds="0.37" priority_3="6" priority_2="10" priority_1="4">
    <PackageStats package="edu.umsl" total_bugs="20" total_types="5" total_size="212" priority_3="6" priority_2="10" priority_1="4">
      <ClassStats class="edu.umsl.GradStudent" sourceFile="GradStudent.java" interface="false" size="14" bugs="1" priority_3="1"/>
      <ClassStats class="edu.umsl.Student" sourceFile="Student.java" interface="false" size="58" bugs="7" priority_3="3" priority_2="4"/>
      <ClassStats class="edu.umsl.StudentArray" sourceFile="StudentArray.java" interface="false" size="89" bugs="5" priority_2="2" priority_1="3"/>
      <ClassStats class="edu.umsl.StudentArray2" sourceFile="StudentArray2.java" interface="false" size="34" bugs="6" priority_3="1" priority_2="4" priority_1="1"/>
      <ClassStats class="edu.umsl.Undergrad" sourceFile="Undergrad.java" interface="false" size="17" bugs="1" priority_3="1"/>
    </PackageStats>
    <FindBugsProfile>
      <ClassProfile name="edu.umd.cs.findbugs.classfile.engine.ClassInfoAnalysisEngine" totalMilliseconds="1186" invocations="449" avgMicrosecondsPerInvocation="2642" maxMicrosecondsPerInvocation="143603" standardDeviationMircosecondsPerInvocation="9996"/>
      <ClassProfile name="edu.umd.cs.findbugs.FindBugs2" totalMilliseconds="789" invocations="2" avgMicrosecondsPerInvocation="394543" maxMicrosecondsPerInvocation="443730" standardDeviationMircosecondsPerInvocation="49190"/>
      <ClassProfile name="edu.umd.cs.findbugs.OpcodeStack$JumpInfoFactory" totalMilliseconds="260" invocations="138" avgMicrosecondsPerInvocation="1889" maxMicrosecondsPerInvocation="28986" standardDeviationMircosecondsPerInvocation="4570"/>
      <ClassProfile name="edu.umd.cs.findbugs.classfile.engine.bcel.ValueNumberDataflowFactory" totalMilliseconds="219" invocations="27" avgMicrosecondsPerInvocation="8147" maxMicrosecondsPerInvocation="55275" standardDeviationMircosecondsPerInvocation="13708"/>
      <ClassProfile name="edu.umd.cs.findbugs.detect.FieldItemSummary" totalMilliseconds="195" invocations="28" avgMicrosecondsPerInvocation="6994" maxMicrosecondsPerInvocation="43270" standardDeviationMircosecondsPerInvocation="9605"/>
      <ClassProfile name="edu.umd.cs.findbugs.classfile.engine.ClassDataAnalysisEngine" totalMilliseconds="179" invocations="453" avgMicrosecondsPerInvocation="395" maxMicrosecondsPerInvocation="68790" standardDeviationMircosecondsPerInvocation="3831"/>
      <ClassProfile name="edu.umd.cs.findbugs.detect.FindNoSideEffectMethods" totalMilliseconds="176" invocations="28" avgMicrosecondsPerInvocation="6312" maxMicrosecondsPerInvocation="35125" standardDeviationMircosecondsPerInvocation="10876"/>
      <ClassProfile name="edu.umd.cs.findbugs.classfile.engine.bcel.TypeDataflowFactory" totalMilliseconds="151" invocations="26" avgMicrosecondsPerInvocation="5816" maxMicrosecondsPerInvocation="44034" standardDeviationMircosecondsPerInvocation="9406"/>
      <ClassProfile name="edu.umd.cs.findbugs.classfile.engine.bcel.IsNullValueDataflowFactory" totalMilliseconds="129" invocations="25" avgMicrosecondsPerInvocation="5194" maxMicrosecondsPerInvocation="35825" standardDeviationMircosecondsPerInvocation="8649"/>
      <ClassProfile name="edu.umd.cs.findbugs.detect.StreamResourceTracker" totalMilliseconds="126" invocations="35" avgMicrosecondsPerInvocation="3628" maxMicrosecondsPerInvocation="19145" standardDeviationMircosecondsPerInvocation="5003"/>
      <ClassProfile name="edu.umd.cs.findbugs.classfile.engine.bcel.UnconditionalValueDerefDataflowFactory" totalMilliseconds="122" invocations="25" avgMicrosecondsPerInvocation="4894" maxMicrosecondsPerInvocation="58629" standardDeviationMircosecondsPerInvocation="12020"/>
      <ClassProfile name="edu.umd.cs.findbugs.util.TopologicalSort" totalMilliseconds="120" invocations="408" avgMicrosecondsPerInvocation="294" maxMicrosecondsPerInvocation="23383" standardDeviationMircosecondsPerInvocation="1511"/>
      <ClassProfile name="edu.umd.cs.findbugs.ba.npe.NullDerefAndRedundantComparisonFinder" totalMilliseconds="113" invocations="25" avgMicrosecondsPerInvocation="4528" maxMicrosecondsPerInvocation="26581" standardDeviationMircosecondsPerInvocation="7006"/>
      <ClassProfile name="edu.umd.cs.findbugs.classfile.engine.bcel.CFGFactory" totalMilliseconds="87" invocations="25" avgMicrosecondsPerInvocation="3485" maxMicrosecondsPerInvocation="16721" standardDeviationMircosecondsPerInvocation="5128"/>
      <ClassProfile name="edu.umd.cs.findbugs.classfile.engine.bcel.MethodGenFactory" totalMilliseconds="69" invocations="25" avgMicrosecondsPerInvocation="2797" maxMicrosecondsPerInvocation="12855" standardDeviationMircosecondsPerInvocation="4702"/>
      <ClassProfile name="edu.umd.cs.findbugs.detect.FindOpenStream" totalMilliseconds="65" invocations="5" avgMicrosecondsPerInvocation="13012" maxMicrosecondsPerInvocation="33519" standardDeviationMircosecondsPerInvocation="11832"/>
      <ClassProfile name="edu.umd.cs.findbugs.classfile.engine.bcel.JavaClassAnalysisEngine" totalMilliseconds="64" invocations="57" avgMicrosecondsPerInvocation="1132" maxMicrosecondsPerInvocation="14613" standardDeviationMircosecondsPerInvocation="2862"/>
    </FindBugsProfile>
  </FindBugsSummary>
  <ClassFeatures></ClassFeatures>
  <History></History>
</BugCollection>
